"AA","AA_index","Area","origin_pep","sample"
"A",1,0,"","CTRL"
"P",2,0,"","CTRL"
"G",3,0,"","CTRL"
"P",4,0,"","CTRL"
"L",5,0,"","CTRL"
"L",6,0,"","CTRL"
"V",7,0,"","CTRL"
"P",8,0,"","CTRL"
"F",9,0,"","CTRL"
"T",10,0,"TLN(+0.98)FTITNLQYEEDMR","CTRL"
"L",11,0,"TLN(+0.98)FTITNLQYEEDMR","CTRL"
"N",12,0,"TLN(+0.98)FTITNLQYEEDMR","CTRL"
"F",13,0,"TLN(+0.98)FTITNLQYEEDMR","CTRL"
"T",14,0,"TLN(+0.98)FTITNLQYEEDMR","CTRL"
"I",15,0,"TLN(+0.98)FTITNLQYEEDMR","CTRL"
"T",16,0,"TLN(+0.98)FTITNLQYEEDMR","CTRL"
"N",17,0,"TLN(+0.98)FTITNLQYEEDMR","CTRL"
"L",18,0,"TLN(+0.98)FTITNLQYEEDMR","CTRL"
"Q",19,0,"TLN(+0.98)FTITNLQYEEDMR","CTRL"
"Y",20,0,"TLN(+0.98)FTITNLQYEEDMR","CTRL"
"E",21,0,"TLN(+0.98)FTITNLQYEEDMR","CTRL"
"E",22,0,"TLN(+0.98)FTITNLQYEEDMR","CTRL"
"D",23,0,"TLN(+0.98)FTITNLQYEEDMR","CTRL"
"M",24,0,"TLN(+0.98)FTITNLQYEEDMR","CTRL"
"R",25,0,"TLN(+0.98)FTITNLQYEEDMR","CTRL"
"H",26,0,"","CTRL"
"P",27,0,"","CTRL"
"G",28,0,"","CTRL"
"S",29,0,"","CTRL"
"R",30,0,"","CTRL"
"K",31,0,"","CTRL"
"F",32,0,"","CTRL"
"N",33,0,"","CTRL"
"T",34,0,"","CTRL"
"T",35,0,"","CTRL"
"E",36,0,"","CTRL"
"R",37,0,"","CTRL"
"V",38,19800,"VLQGLLKPLFK","CTRL"
"L",39,19800,"VLQGLLKPLFK","CTRL"
"Q",40,19800,"VLQGLLKPLFK","CTRL"
"G",41,19800,"VLQGLLKPLFK","CTRL"
"L",42,19800,"VLQGLLKPLFK","CTRL"
"L",43,19800,"VLQGLLKPLFK","CTRL"
"K",44,19800,"VLQGLLKPLFK","CTRL"
"P",45,19800,"VLQGLLKPLFK","CTRL"
"L",46,19800,"VLQGLLKPLFK","CTRL"
"F",47,19800,"VLQGLLKPLFK","CTRL"
"K",48,19800,"VLQGLLKPLFK","CTRL"
"S",49,19100,"STSVGPLYSGC(+57.02)R","CTRL"
"T",50,19100,"STSVGPLYSGC(+57.02)R","CTRL"
"S",51,19100,"STSVGPLYSGC(+57.02)R","CTRL"
"V",52,19100,"STSVGPLYSGC(+57.02)R","CTRL"
"G",53,19100,"STSVGPLYSGC(+57.02)R","CTRL"
"P",54,19100,"STSVGPLYSGC(+57.02)R","CTRL"
"L",55,19100,"STSVGPLYSGC(+57.02)R","CTRL"
"Y",56,19100,"STSVGPLYSGC(+57.02)R","CTRL"
"S",57,19100,"STSVGPLYSGC(+57.02)R","CTRL"
"G",58,19100,"STSVGPLYSGC(+57.02)R","CTRL"
"C",59,19100,"STSVGPLYSGC(+57.02)R","CTRL"
"R",60,19100,"STSVGPLYSGC(+57.02)R","CTRL"
"L",61,20766.6666666667,"LTLLRPEK","CTRL"
"T",62,20766.6666666667,"LTLLRPEK","CTRL"
"L",63,20766.6666666667,"LTLLRPEK","CTRL"
"L",64,20766.6666666667,"LTLLRPEK","CTRL"
"R",65,20766.6666666667,"LTLLRPEK","CTRL"
"P",66,20766.6666666667,"LTLLRPEK","CTRL"
"E",67,20766.6666666667,"LTLLRPEK","CTRL"
"K",68,20766.6666666667,"LTLLRPEK","CTRL"
"R",69,0,"","CTRL"
"G",70,0,"","CTRL"
"A",71,0,"","CTRL"
"A",72,0,"","CTRL"
"T",73,0,"","CTRL"
"G",74,0,"","CTRL"
"V",75,0,"","CTRL"
"D",76,0,"","CTRL"
"T",77,0,"","CTRL"
"I",78,0,"","CTRL"
"C",79,0,"","CTRL"
"T",80,0,"","CTRL"
"H",81,0,"","CTRL"
"R",82,0,"","CTRL"
"L",83,3766.66666666667,"LDPLNPGLDR","CTRL"
"D",84,3766.66666666667,"LDPLNPGLDR","CTRL"
"P",85,3766.66666666667,"LDPLNPGLDR","CTRL"
"L",86,3766.66666666667,"LDPLNPGLDR","CTRL"
"N",87,3766.66666666667,"LDPLNPGLDR","CTRL"
"P",88,3766.66666666667,"LDPLNPGLDR","CTRL"
"G",89,3766.66666666667,"LDPLNPGLDR","CTRL"
"L",90,3766.66666666667,"LDPLNPGLDR","CTRL"
"D",91,3766.66666666667,"LDPLNPGLDR","CTRL"
"R",92,3766.66666666667,"LDPLNPGLDR","CTRL"
"E",93,13133.3333333333,"EQLYWELSK","CTRL"
"Q",94,13133.3333333333,"EQLYWELSK","CTRL"
"L",95,13133.3333333333,"EQLYWELSK","CTRL"
"Y",96,13133.3333333333,"EQLYWELSK","CTRL"
"W",97,13133.3333333333,"EQLYWELSK","CTRL"
"E",98,13133.3333333333,"EQLYWELSK","CTRL"
"L",99,13133.3333333333,"EQLYWELSK","CTRL"
"S",100,13133.3333333333,"EQLYWELSK","CTRL"
"K",101,13133.3333333333,"EQLYWELSK","CTRL"
"L",102,0,"","CTRL"
"T",103,0,"","CTRL"
"R",104,0,"","CTRL"
"G",105,8600,"GIIELGPYLLDR","CTRL"
"I",106,8600,"GIIELGPYLLDR","CTRL"
"I",107,8600,"GIIELGPYLLDR","CTRL"
"E",108,8600,"GIIELGPYLLDR","CTRL"
"L",109,8600,"GIIELGPYLLDR","CTRL"
"G",110,8600,"GIIELGPYLLDR","CTRL"
"P",111,8600,"GIIELGPYLLDR","CTRL"
"Y",112,8600,"GIIELGPYLLDR","CTRL"
"L",113,8600,"GIIELGPYLLDR","CTRL"
"L",114,8600,"GIIELGPYLLDR","CTRL"
"D",115,8600,"GIIELGPYLLDR","CTRL"
"R",116,8600,"GIIELGPYLLDR","CTRL"
"G",117,0,"","CTRL"
"S",118,0,"","CTRL"
"L",119,0,"","CTRL"
"Y",120,0,"","CTRL"
"V",121,0,"","CTRL"
"N",122,0,"","CTRL"
"G",123,0,"","CTRL"
"F",124,0,"","CTRL"
"T",125,0,"","CTRL"
"H",126,0,"","CTRL"
"R",127,0,"","CTRL"
"N",128,0,"","CTRL"
"F",129,0,"","CTRL"
"V",130,0,"","CTRL"
"P",131,0,"","CTRL"
"I",132,0,"","CTRL"
"T",133,0,"","CTRL"
"S",134,0,"","CTRL"
"T",135,0,"","CTRL"
"P",136,0,"","CTRL"
"G",137,0,"","CTRL"
"T",138,0,"","CTRL"
"S",139,0,"","CTRL"
"T",140,0,"","CTRL"
"V",141,0,"","CTRL"
"H",142,0,"","CTRL"
"L",143,0,"","CTRL"
"G",144,0,"","CTRL"
"T",145,0,"","CTRL"
"S",146,0,"","CTRL"
"E",147,0,"","CTRL"
"T",148,0,"","CTRL"
"P",149,0,"","CTRL"
"S",150,0,"","CTRL"
"S",151,0,"","CTRL"
"L",152,0,"","CTRL"
"P",153,0,"","CTRL"
"R",154,0,"","CTRL"
"P",155,0,"","CTRL"
"I",156,0,"","CTRL"
"A",1,0,"","PNGaseF"
"P",2,0,"","PNGaseF"
"G",3,0,"","PNGaseF"
"P",4,0,"","PNGaseF"
"L",5,0,"","PNGaseF"
"L",6,0,"","PNGaseF"
"V",7,0,"","PNGaseF"
"P",8,0,"","PNGaseF"
"F",9,0,"","PNGaseF"
"T",10,20266.6666666667,"TLN(+0.98)FTITNLQYEEDMR","PNGaseF"
"L",11,20266.6666666667,"TLN(+0.98)FTITNLQYEEDMR","PNGaseF"
"N",12,20266.6666666667,"TLN(+0.98)FTITNLQYEEDMR","PNGaseF"
"F",13,20266.6666666667,"TLN(+0.98)FTITNLQYEEDMR","PNGaseF"
"T",14,20266.6666666667,"TLN(+0.98)FTITNLQYEEDMR","PNGaseF"
"I",15,20266.6666666667,"TLN(+0.98)FTITNLQYEEDMR","PNGaseF"
"T",16,20266.6666666667,"TLN(+0.98)FTITNLQYEEDMR","PNGaseF"
"N",17,20266.6666666667,"TLN(+0.98)FTITNLQYEEDMR","PNGaseF"
"L",18,20266.6666666667,"TLN(+0.98)FTITNLQYEEDMR","PNGaseF"
"Q",19,20266.6666666667,"TLN(+0.98)FTITNLQYEEDMR","PNGaseF"
"Y",20,20266.6666666667,"TLN(+0.98)FTITNLQYEEDMR","PNGaseF"
"E",21,20266.6666666667,"TLN(+0.98)FTITNLQYEEDMR","PNGaseF"
"E",22,20266.6666666667,"TLN(+0.98)FTITNLQYEEDMR","PNGaseF"
"D",23,20266.6666666667,"TLN(+0.98)FTITNLQYEEDMR","PNGaseF"
"M",24,20266.6666666667,"TLN(+0.98)FTITNLQYEEDMR","PNGaseF"
"R",25,20266.6666666667,"TLN(+0.98)FTITNLQYEEDMR","PNGaseF"
"H",26,0,"","PNGaseF"
"P",27,0,"","PNGaseF"
"G",28,0,"","PNGaseF"
"S",29,0,"","PNGaseF"
"R",30,0,"","PNGaseF"
"K",31,0,"","PNGaseF"
"F",32,0,"","PNGaseF"
"N",33,0,"","PNGaseF"
"T",34,0,"","PNGaseF"
"T",35,0,"","PNGaseF"
"E",36,0,"","PNGaseF"
"R",37,0,"","PNGaseF"
"V",38,52066.6666666667,"VLQGLLKPLFK","PNGaseF"
"L",39,52066.6666666667,"VLQGLLKPLFK","PNGaseF"
"Q",40,52066.6666666667,"VLQGLLKPLFK","PNGaseF"
"G",41,52066.6666666667,"VLQGLLKPLFK","PNGaseF"
"L",42,52066.6666666667,"VLQGLLKPLFK","PNGaseF"
"L",43,52066.6666666667,"VLQGLLKPLFK","PNGaseF"
"K",44,52066.6666666667,"VLQGLLKPLFK","PNGaseF"
"P",45,52066.6666666667,"VLQGLLKPLFK","PNGaseF"
"L",46,52066.6666666667,"VLQGLLKPLFK","PNGaseF"
"F",47,52066.6666666667,"VLQGLLKPLFK","PNGaseF"
"K",48,52066.6666666667,"VLQGLLKPLFK","PNGaseF"
"S",49,17933.3333333333,"STSVGPLYSGC(+57.02)R","PNGaseF"
"T",50,17933.3333333333,"STSVGPLYSGC(+57.02)R","PNGaseF"
"S",51,17933.3333333333,"STSVGPLYSGC(+57.02)R","PNGaseF"
"V",52,17933.3333333333,"STSVGPLYSGC(+57.02)R","PNGaseF"
"G",53,17933.3333333333,"STSVGPLYSGC(+57.02)R","PNGaseF"
"P",54,17933.3333333333,"STSVGPLYSGC(+57.02)R","PNGaseF"
"L",55,17933.3333333333,"STSVGPLYSGC(+57.02)R","PNGaseF"
"Y",56,17933.3333333333,"STSVGPLYSGC(+57.02)R","PNGaseF"
"S",57,17933.3333333333,"STSVGPLYSGC(+57.02)R","PNGaseF"
"G",58,17933.3333333333,"STSVGPLYSGC(+57.02)R","PNGaseF"
"C",59,17933.3333333333,"STSVGPLYSGC(+57.02)R","PNGaseF"
"R",60,17933.3333333333,"STSVGPLYSGC(+57.02)R","PNGaseF"
"L",61,68233.3333333333,"LTLLRPEK","PNGaseF"
"T",62,68233.3333333333,"LTLLRPEK","PNGaseF"
"L",63,68233.3333333333,"LTLLRPEK","PNGaseF"
"L",64,68233.3333333333,"LTLLRPEK","PNGaseF"
"R",65,68233.3333333333,"LTLLRPEK","PNGaseF"
"P",66,68233.3333333333,"LTLLRPEK","PNGaseF"
"E",67,68233.3333333333,"LTLLRPEK","PNGaseF"
"K",68,68233.3333333333,"LTLLRPEK","PNGaseF"
"R",69,0,"","PNGaseF"
"G",70,0,"","PNGaseF"
"A",71,0,"","PNGaseF"
"A",72,0,"","PNGaseF"
"T",73,0,"","PNGaseF"
"G",74,0,"","PNGaseF"
"V",75,0,"","PNGaseF"
"D",76,0,"","PNGaseF"
"T",77,0,"","PNGaseF"
"I",78,0,"","PNGaseF"
"C",79,0,"","PNGaseF"
"T",80,0,"","PNGaseF"
"H",81,0,"","PNGaseF"
"R",82,0,"","PNGaseF"
"L",83,6800,"LDPLNPGLDR","PNGaseF"
"D",84,6800,"LDPLNPGLDR","PNGaseF"
"P",85,6800,"LDPLNPGLDR","PNGaseF"
"L",86,6800,"LDPLNPGLDR","PNGaseF"
"N",87,6800,"LDPLNPGLDR","PNGaseF"
"P",88,6800,"LDPLNPGLDR","PNGaseF"
"G",89,6800,"LDPLNPGLDR","PNGaseF"
"L",90,6800,"LDPLNPGLDR","PNGaseF"
"D",91,6800,"LDPLNPGLDR","PNGaseF"
"R",92,6800,"LDPLNPGLDR","PNGaseF"
"E",93,20700,"EQLYWELSK","PNGaseF"
"Q",94,20700,"EQLYWELSK","PNGaseF"
"L",95,20700,"EQLYWELSK","PNGaseF"
"Y",96,20700,"EQLYWELSK","PNGaseF"
"W",97,20700,"EQLYWELSK","PNGaseF"
"E",98,20700,"EQLYWELSK","PNGaseF"
"L",99,20700,"EQLYWELSK","PNGaseF"
"S",100,20700,"EQLYWELSK","PNGaseF"
"K",101,20700,"EQLYWELSK","PNGaseF"
"L",102,0,"","PNGaseF"
"T",103,0,"","PNGaseF"
"R",104,0,"","PNGaseF"
"G",105,8266.66666666667,"GIIELGPYLLDR","PNGaseF"
"I",106,8266.66666666667,"GIIELGPYLLDR","PNGaseF"
"I",107,8266.66666666667,"GIIELGPYLLDR","PNGaseF"
"E",108,8266.66666666667,"GIIELGPYLLDR","PNGaseF"
"L",109,8266.66666666667,"GIIELGPYLLDR","PNGaseF"
"G",110,8266.66666666667,"GIIELGPYLLDR","PNGaseF"
"P",111,8266.66666666667,"GIIELGPYLLDR","PNGaseF"
"Y",112,8266.66666666667,"GIIELGPYLLDR","PNGaseF"
"L",113,8266.66666666667,"GIIELGPYLLDR","PNGaseF"
"L",114,8266.66666666667,"GIIELGPYLLDR","PNGaseF"
"D",115,8266.66666666667,"GIIELGPYLLDR","PNGaseF"
"R",116,8266.66666666667,"GIIELGPYLLDR","PNGaseF"
"G",117,0,"","PNGaseF"
"S",118,0,"","PNGaseF"
"L",119,0,"","PNGaseF"
"Y",120,0,"","PNGaseF"
"V",121,0,"","PNGaseF"
"N",122,0,"","PNGaseF"
"G",123,0,"","PNGaseF"
"F",124,0,"","PNGaseF"
"T",125,0,"","PNGaseF"
"H",126,0,"","PNGaseF"
"R",127,0,"","PNGaseF"
"N",128,0,"","PNGaseF"
"F",129,0,"","PNGaseF"
"V",130,0,"","PNGaseF"
"P",131,0,"","PNGaseF"
"I",132,0,"","PNGaseF"
"T",133,0,"","PNGaseF"
"S",134,0,"","PNGaseF"
"T",135,0,"","PNGaseF"
"P",136,0,"","PNGaseF"
"G",137,0,"","PNGaseF"
"T",138,0,"","PNGaseF"
"S",139,0,"","PNGaseF"
"T",140,0,"","PNGaseF"
"V",141,0,"","PNGaseF"
"H",142,0,"","PNGaseF"
"L",143,0,"","PNGaseF"
"G",144,0,"","PNGaseF"
"T",145,0,"","PNGaseF"
"S",146,0,"","PNGaseF"
"E",147,0,"","PNGaseF"
"T",148,0,"","PNGaseF"
"P",149,0,"","PNGaseF"
"S",150,0,"","PNGaseF"
"S",151,0,"","PNGaseF"
"L",152,0,"","PNGaseF"
"P",153,0,"","PNGaseF"
"R",154,0,"","PNGaseF"
"P",155,0,"","PNGaseF"
"I",156,0,"","PNGaseF"
